img_idx,img_name,mean_accuracy
101,00101_jelly_bean/jelly_bean_06s.jpg,0.33624999821186063
176,00176_suit/suit_13s.jpg,0.2599999956786633
137,00137_piglet/piglet_02s.jpg,0.2575000002980232
189,00189_tube_top/tube_top_11s.jpg,0.25749999918043615
113,00113_meatloaf/meatloaf_12s.jpg,0.21999999955296518
102,00102_jukebox/jukebox_01n.jpg,0.20999999940395356
4,00004_balance_beam/balance_beam_04s.jpg,0.1937499986961484
10,00010_baton4/baton4_05s.jpg,0.18374999910593032
79,00079_freezer/freezer_04s.jpg,0.1662500012665987
96,00096_hoodie/hoodie_08s.jpg,0.16624999884516
45,00045_coat/coat_01b.jpg,0.1650000002235174
33,00033_cat/cat_01b.jpg,0.16499999836087226
125,00125_orange/orange_07s.jpg,0.1637500012293458
31,00031_cart/cart_09s.jpg,0.15624999925494193
163,00163_seed/seed_07s.jpg,0.15624999888241292
26,00026_bullet/bullet_01s.jpg,0.15500000156462193
106,00106_lamb/lamb_01b.jpg,0.15374999791383742
37,00037_chaps/chaps_18s.jpg,0.14625000022351742
77,00077_folder/folder_11s.jpg,0.1412499980069697
64,00064_dessert/dessert_01b.jpg,0.13500000201165677
66,00066_dreidel/dreidel_01b.jpg,0.12625000029802322
184,00184_tomato_sauce/tomato_sauce_02s.jpg,0.1250000017695129
87,00087_gopher/gopher_09s.jpg,0.12250000052154064
2,00002_antelope/antelope_01b.jpg,0.12000000141561032
167,00167_slide/slide_04s.jpg,0.10999999959021807
83,00083_glove/glove_11s.jpg,0.10500000100582838
94,00094_headscarf/headscarf_03s.jpg,0.10500000035390258
123,00123_omelet/omelet_10s.jpg,0.10499999932944774
12,00012_beaver/beaver_04s.jpg,0.10499999932944774
25,00025_buggy/buggy_07s.jpg,0.09874999942258
56,00056_crib/crib_14n.jpg,0.09750000070780515
88,00088_gorilla/gorilla_18s.jpg,0.0974999999627471
194,00194_wallpaper/wallpaper_01b.jpg,0.09624999929219484
40,00040_chest2/chest2_02s.jpg,0.09624999826774001
28,00028_bush/bush_07s.jpg,0.09375000093132257
63,00063_dalmatian/dalmatian_12s.jpg,0.09125000182539225
55,00055_crepe/crepe_18s.jpg,0.09124999912455678
60,00060_crumb/crumb_12s.jpg,0.09000000115484
14,00014_bike/bike_22s.jpg,0.08999999985098839
132,00132_pepper1/pepper1_14s.jpg,0.08749999860301613
39,00039_cheetah/cheetah_05s.jpg,0.08374999975785613
173,00173_stethoscope/stethoscope_11s.jpg,0.08250000067055226
180,00180_tape_recorder/tape_recorder_01b.jpg,0.08125000018626452
93,00093_handbrake/handbrake_08s.jpg,0.07750000096857548
198,00198_windshield/windshield_09s.jpg,0.07749999966472387
13,00013_bench/bench_01b.jpg,0.07250000108033419
29,00029_calamari/calamari_01b.jpg,0.07000000150874257
35,00035_cd_player/cd_player_02s.jpg,0.07000000113621355
111,00111_manatee/manatee_05s.jpg,0.06875000149011612
104,00104_kneepad/kneepad_12s.jpg,0.06750000081956387
187,00187_top_hat/top_hat_13s.jpg,0.06750000026077033
69,00069_eagle/eagle_06s.jpg,0.06625000108033419
53,00053_crab/crab_17s.jpg,0.06500000087544322
115,00115_minivan/minivan_17s.jpg,0.0650000006891787
182,00182_tiara/tiara_07s.jpg,0.06375000029802322
169,00169_snowshoe/snowshoe_04s.jpg,0.06374999983236193
188,00188_treadmill/treadmill_11s.jpg,0.06250000111758709
157,00157_sausage/sausage_04s.jpg,0.0625
110,00110_lightning_bug/lightning_bug_11s.jpg,0.060000001452863216
175,00175_submarine/submarine_09s.jpg,0.058750000689178704
148,00148_raspberry/raspberry_10n.jpg,0.05875000013038516
95,00095_highchair/highchair_04s.jpg,0.05750000001862645
142,00142_possum/possum_05s.jpg,0.05625
172,00172_station_wagon/station_wagon_04s.jpg,0.055000001285225156
19,00019_bonnet/bonnet_08s.jpg,0.0550000011920929
116,00116_modem/modem_04s.jpg,0.05500000100582838
49,00049_coffeemaker/coffeemaker_13s.jpg,0.05500000035390258
158,00158_scallion/scallion_04s.jpg,0.055000000074505805
171,00171_spoon/spoon_04s.jpg,0.05375000080093741
11,00011_batter/batter_01b.jpg,0.05375000024214387
105,00105_ladle/ladle_13s.jpg,0.05250000050291419
32,00032_cashew/cashew_01b.jpg,0.05125000085681677
121,00121_nightstand/nightstand_05s.jpg,0.05125000076368451
151,00151_robot/robot_02s.jpg,0.05125000048428774
73,00073_espresso/espresso_01b.jpg,0.05000000093132258
72,00072_elephant/elephant_11n.jpg,0.05000000055879354
152,00152_rooster/rooster_03s.jpg,0.05000000037252903
199,00199_wine/wine_05s.jpg,0.050000000093132255
76,00076_flamingo/flamingo_05s.jpg,0.04875000091269612
156,00156_sandpaper/sandpaper_08s.jpg,0.04875000072643161
81,00081_fruit/fruit_01b.jpg,0.047500000614672896
74,00074_face_mask/face_mask_12s.jpg,0.04750000033527613
119,00119_music_box/music_box_06s.jpg,0.046250000968575476
168,00168_slingshot/slingshot_07s.jpg,0.04625000087544322
98,00098_ice_cube/ice_cube_11s.jpg,0.04500000011175871
48,00048_coffee_bean/coffee_bean_01b.jpg,0.04375000083819032
54,00054_creme_brulee/creme_brulee_01b.jpg,0.0437500006519258
127,00127_ostrich/ostrich_03s.jpg,0.043750000093132256
42,00042_chopsticks/chopsticks_11s.jpg,0.04250000100582838
120,00120_mussel/mussel_11s.jpg,0.04125000014901161
162,00162_seaweed/seaweed_07s.jpg,0.04000000059604645
161,00161_seagull/seagull_09s.jpg,0.03875000094994903
3,00003_backscratcher/backscratcher_01b.jpg,0.03875000067055225
128,00128_pajamas/pajamas_13s.jpg,0.03874999973922968
145,00145_punch2/punch2_14s.jpg,0.03750000074505806
133,00133_pheasant/pheasant_20s.jpg,0.037500000465661286
9,00009_bassoon/bassoon_01b.jpg,0.037500000186264516
191,00191_unicycle/unicycle_10s.jpg,0.03625000072643161
6,00006_baseball_bat/baseball_bat_10s.jpg,0.03625000063329935
71,00071_egg/egg_12s.jpg,0.03625000035390258
65,00065_dragonfly/dragonfly_01b.jpg,0.03625000035390258
8,00008_basketball/basketball_05s.jpg,0.03500000042840838
90,00090_grenade/grenade_03s.jpg,0.03500000042840838
150,00150_rhinoceros/rhinoceros_09s.jpg,0.03500000042840838
155,00155_sandal/sandal_03s.jpg,0.03500000033527613
114,00114_metal_detector/metal_detector_02s.jpg,0.0337500006891787
192,00192_vise/vise_11s.jpg,0.033750000316649674
109,00109_lettuce/lettuce_05n.jpg,0.033750000223517415
41,00041_chime/chime_08s.jpg,0.032500000670552254
118,00118_muff/muff_12s.jpg,0.032500000670552254
140,00140_popcorn/popcorn_07s.jpg,0.032500000484287736
138,00138_pocket/pocket_04s.jpg,0.02875000098720193
174,00174_strawberry/strawberry_09n.jpg,0.028750000707805156
44,00044_cleaver/cleaver_07s.jpg,0.028750000428408383
75,00075_ferry/ferry_06s.jpg,0.028750000149011613
135,00135_pie/pie_18s.jpg,0.028749999962747096
117,00117_mosquito/mosquito_02s.jpg,0.027500000689178704
147,00147_radish/radish_10s.jpg,0.027500000689178704
134,00134_pickax/pickax_05s.jpg,0.027500000223517417
181,00181_television/television_12s.jpg,0.026250000577419996
153,00153_rug/rug_09s.jpg,0.026250000484287737
129,00129_panther/panther_01b.jpg,0.026250000391155482
18,00018_bok_choy/bok_choy_03s.jpg,0.026250000298023223
177,00177_t-shirt/t-shirt_15s.jpg,0.026249999925494195
58,00058_crow/crow_11s.jpg,0.023750000447034837
1,00001_aircraft_carrier/aircraft_carrier_06s.jpg,0.023750000260770322
50,00050_cookie/cookie_09s.jpg,0.023750000260770322
196,00196_wheat/wheat_05n.jpg,0.023750000260770322
165,00165_sled/sled_10s.jpg,0.0225000006146729
17,00017_boat/boat_01b.jpg,0.022500000521540643
186,00186_tool/tool_10s.jpg,0.021250000689178705
30,00030_candlestick/candlestick_04s.jpg,0.021250000689178705
185,00185_tongs/tongs_12s.jpg,0.02125000050291419
99,00099_ice_pack/ice_pack_01b.jpg,0.02125000050291419
22,00022_bread/bread_19s.jpg,0.02125000050291419
21,00021_brace/brace_08s.jpg,0.021250000409781932
195,00195_walnut/walnut_02s.jpg,0.021250000316649677
84,00084_golf_cart/golf_cart_06s.jpg,0.021250000316649677
183,00183_tick/tick_06s.jpg,0.021250000316649677
70,00070_eel/eel_02s.jpg,0.020000000577419998
52,00052_coverall/coverall_06s.jpg,0.020000000298023225
139,00139_pocketknife/pocketknife_01b.jpg,0.018750000558793545
23,00023_breadbox/breadbox_01b.jpg,0.018750000558793545
82,00082_garlic/garlic_12n.jpg,0.018750000558793545
85,00085_gondola/gondola_11s.jpg,0.017500000447034834
146,00146_purse/purse_06s.jpg,0.01750000035390258
200,00200_wok/wok_12s.jpg,0.01750000026077032
107,00107_lampshade/lampshade_05s.jpg,0.01625000052154064
59,00059_cruise_ship/cruise_ship_03s.jpg,0.016250000335276127
100,00100_jeep/jeep_05s.jpg,0.016250000335276127
164,00164_skateboard/skateboard_01b.jpg,0.016250000335276127
43,00043_cleat/cleat_09s.jpg,0.016250000335276127
68,00068_duffel_bag/duffel_bag_03s.jpg,0.016250000335276127
131,00131_pear/pear_01b.jpg,0.016250000335276127
141,00141_popsicle/popsicle_04s.jpg,0.016250000335276127
143,00143_pretzel/pretzel_01b.jpg,0.016250000242143868
122,00122_okra/okra_14n.jpg,0.016250000242143868
67,00067_drum/drum_01b.jpg,0.015000000409781934
86,00086_goose/goose_02s.jpg,0.015000000409781934
51,00051_cordon_bleu/cordon_bleu_08s.jpg,0.015000000316649675
126,00126_orchid/orchid_05s.jpg,0.015000000223517418
62,00062_dagger/dagger_06s.jpg,0.01500000013038516
179,00179_taillight/taillight_08s.jpg,0.01500000013038516
91,00091_hamburger/hamburger_01s.jpg,0.013750000298023224
103,00103_kettle/kettle_03n.jpg,0.013750000204890967
38,00038_cheese/cheese_06s.jpg,0.013750000204890967
144,00144_pug/pug_09s.jpg,0.013750000204890967
46,00046_cobra/cobra_01b.jpg,0.012500000465661288
7,00007_basil/basil_05s.jpg,0.012500000279396772
178,00178_table/table_07s.jpg,0.012500000279396772
166,00166_sleeping_bag/sleeping_bag_01b.jpg,0.012500000279396772
170,00170_spatula/spatula_08s.jpg,0.012500000186264515
78,00078_fork/fork_07s.jpg,0.012500000093132258
27,00027_bun/bun_01b.jpg,0.011250000260770322
34,00034_caterpillar/caterpillar_03s.jpg,0.011250000260770322
89,00089_grasshopper/grasshopper_06s.jpg,0.011250000260770322
92,00092_hammer/hammer_08s.jpg,0.011250000260770322
108,00108_laundry_basket/laundry_basket_12s.jpg,0.011250000260770322
57,00057_croissant/croissant_06s.jpg,0.011250000167638063
16,00016_blowtorch/blowtorch_08s.jpg,0.011250000074505806
149,00149_recorder/recorder_14s.jpg,0.01000000024214387
197,00197_wheelchair/wheelchair_02s.jpg,0.010000000149011612
61,00061_cupcake/cupcake_11s.jpg,0.00875000013038516
15,00015_birthday_cake/birthday_cake_01b.jpg,0.00875000013038516
47,00047_coconut/coconut_01b.jpg,0.00875000013038516
80,00080_french_horn/french_horn_03s.jpg,0.00875000013038516
36,00036_chain/chain_01b.jpg,0.007500000111758709
124,00124_onion/onion_10s.jpg,0.007500000111758709
5,00005_banana/banana_09s.jpg,0.007500000111758709
97,00097_hummingbird/hummingbird_01b.jpg,0.0062500000931322575
190,00190_turkey/turkey_01s.jpg,0.0062500000931322575
20,00020_bottle_opener/bottle_opener_13s.jpg,0.0062500000931322575
112,00112_marijuana/marijuana_13s.jpg,0.005000000167638063
193,00193_volleyball/volleyball_10s.jpg,0.005000000074505806
24,00024_bug/bug_08s.jpg,0.005000000074505806
136,00136_pigeon/pigeon_05s.jpg,0.005000000074505806
154,00154_sailboat/sailboat_05s.jpg,0.005000000074505806
159,00159_scallop/scallop_02s.jpg,0.005000000074505806
160,00160_scooter/scooter_07s.jpg,0.005000000074505806
130,00130_paperweight/paperweight_07s.jpg,0.0012500000186264515
